Contabilidad;Accountant I;Femenino;26
Contabilidad;Accountant I;Masculino;39
Contabilidad;Accountant II;Femenino;37
Contabilidad;Accountant II;Masculino;32
Contabilidad;Accountant II;Non-Conforming;2
Contabilidad;Accountant III;Femenino;37
Contabilidad;Accountant III;Masculino;34
Contabilidad;Accountant III;Non-Conforming;3
Contabilidad;Accountant IV;Femenino;30
Contabilidad;Accountant IV;Masculino;39
Contabilidad;Accountant IV;Non-Conforming;2
Contabilidad;Accounting Assistant I;Femenino;36
Contabilidad;Accounting Assistant I;Masculino;38
Contabilidad;Accounting Assistant I;Non-Conforming;2
Contabilidad;Accounting Assistant II;Femenino;27
Contabilidad;Accounting Assistant II;Masculino;45
Contabilidad;Accounting Assistant II;Non-Conforming;2
Contabilidad;Accounting Assistant III;Femenino;29
Contabilidad;Accounting Assistant III;Masculino;33
Contabilidad;Accounting Assistant III;Non-Conforming;2
Contabilidad;Accounting Assistant IV;Femenino;36
Contabilidad;Accounting Assistant IV;Masculino;36
Contabilidad;Actuary;Femenino;11
Contabilidad;Actuary;Masculino;11
Contabilidad;Administrative Assistant I;Femenino;2
Contabilidad;Administrative Assistant I;Masculino;3
Contabilidad;Administrative Assistant I;Non-Conforming;1
Contabilidad;Administrative Assistant II;Femenino;3
Contabilidad;Administrative Assistant III;Femenino;6
Contabilidad;Administrative Assistant III;Masculino;2
Contabilidad;Administrative Assistant IV;Femenino;2
Contabilidad;Administrative Assistant IV;Masculino;3
Contabilidad;Administrative Officer;Femenino;10
Contabilidad;Administrative Officer;Masculino;11
Contabilidad;Administrative Officer;Non-Conforming;1
Contabilidad;Budget/Accounting Analyst I;Femenino;67
Contabilidad;Budget/Accounting Analyst I;Masculino;59
Contabilidad;Budget/Accounting Analyst I;Non-Conforming;2
Contabilidad;Budget/Accounting Analyst II;Femenino;58
Contabilidad;Budget/Accounting Analyst II;Masculino;78
Contabilidad;Budget/Accounting Analyst II;Non-Conforming;3
Contabilidad;Budget/Accounting Analyst III;Femenino;62
Contabilidad;Budget/Accounting Analyst III;Masculino;66
Contabilidad;Budget/Accounting Analyst III;Non-Conforming;4
Contabilidad;Budget/Accounting Analyst IV;Femenino;65
Contabilidad;Budget/Accounting Analyst IV;Masculino;72
Contabilidad;Budget/Accounting Analyst IV;Non-Conforming;4
Contabilidad;Cost Accountant;Femenino;111
Contabilidad;Cost Accountant;Masculino;134
Contabilidad;Cost Accountant;Non-Conforming;10
Contabilidad;Financial Advisor;Femenino;13
Contabilidad;Financial Advisor;Masculino;12
Contabilidad;Financial Advisor;Non-Conforming;2
Contabilidad;Financial Analyst;Femenino;27
Contabilidad;Financial Analyst;Masculino;22
Contabilidad;Financial Analyst;Non-Conforming;2
Contabilidad;Payment Adjustment Coordinator;Femenino;5
Contabilidad;Payment Adjustment Coordinator;Masculino;11
Contabilidad;Senior Cost Accountant;Femenino;117
Contabilidad;Senior Cost Accountant;Masculino;138
Contabilidad;Senior Cost Accountant;Non-Conforming;8
Contabilidad;Senior Financial Analyst;Femenino;11
Contabilidad;Senior Financial Analyst;Masculino;14
Contabilidad;Staff Accountant I;Femenino;161
Contabilidad;Staff Accountant I;Masculino;207
Contabilidad;Staff Accountant I;Non-Conforming;7
Contabilidad;Staff Accountant II;Femenino;29
Contabilidad;Staff Accountant II;Masculino;36
Contabilidad;Staff Accountant II;Non-Conforming;3
Contabilidad;Staff Accountant III;Femenino;34
Contabilidad;Staff Accountant III;Masculino;40
Contabilidad;Staff Accountant III;Non-Conforming;8
Contabilidad;Staff Accountant IV;Femenino;44
Contabilidad;Staff Accountant IV;Masculino;37
Contabilidad;Staff Accountant IV;Non-Conforming;3
Contabilidad;Structural Engineer;Femenino;13
Contabilidad;Structural Engineer;Masculino;12
Contabilidad;Tax Accountant;Femenino;95
Contabilidad;Tax Accountant;Masculino;138
Contabilidad;Tax Accountant;Non-Conforming;5
Contabilidad;VP Accounting;Femenino;30
Contabilidad;VP Accounting;Masculino;35
Desarrollo de negocios;Business Analyst;Femenino;216
Desarrollo de negocios;Business Analyst;Masculino;245
Desarrollo de negocios;Business Analyst;Non-Conforming;18
Desarrollo de negocios;Business Development Manager;Femenino;1
Desarrollo de negocios;Business Development Manager;Masculino;4
Desarrollo de negocios;Human Resources Analyst II;Femenino;1
Desarrollo de negocios;Human Resources Analyst II;Masculino;1
Desarrollo de negocios;Research Assistant I;Femenino;107
Desarrollo de negocios;Research Assistant I;Masculino;134
Desarrollo de negocios;Research Assistant I;Non-Conforming;6
Desarrollo de negocios;Research Assistant II;Femenino;291
Desarrollo de negocios;Research Assistant II;Masculino;315
Desarrollo de negocios;Research Assistant II;Non-Conforming;18
Desarrollo de negocios;Research Assistant III;Femenino;4
Desarrollo de negocios;Research Assistant III;Masculino;6
Entrenamiento;Administrative Assistant I;Femenino;65
Entrenamiento;Administrative Assistant I;Masculino;81
Entrenamiento;Administrative Assistant I;Non-Conforming;2
Entrenamiento;Administrative Assistant II;Femenino;13
Entrenamiento;Administrative Assistant II;Masculino;14
Entrenamiento;Assistant Trainer;Femenino;71
Entrenamiento;Assistant Trainer;Masculino;73
Entrenamiento;Assistant Trainer;Non-Conforming;4
Entrenamiento;Chief Design Engineer;Masculino;1
Entrenamiento;Content Developer;Femenino;15
Entrenamiento;Content Developer;Masculino;28
Entrenamiento;Content Developer II;Femenino;15
Entrenamiento;Content Developer II;Masculino;26
Entrenamiento;Content Developer II;Non-Conforming;5
Entrenamiento;Content Developer III;Femenino;21
Entrenamiento;Content Developer III;Masculino;22
Entrenamiento;Content Developer III;Non-Conforming;2
Entrenamiento;Junior Trainer;Femenino;66
Entrenamiento;Junior Trainer;Masculino;67
Entrenamiento;Junior Trainer;Non-Conforming;5
Entrenamiento;Senior Trainer;Femenino;68
Entrenamiento;Senior Trainer;Masculino;81
Entrenamiento;Senior Trainer;Non-Conforming;4
Entrenamiento;Support Staff;Femenino;17
Entrenamiento;Support Staff;Masculino;15
Entrenamiento;Support Staff;Non-Conforming;1
Entrenamiento;Trainer I;Femenino;82
Entrenamiento;Trainer I;Masculino;70
Entrenamiento;Trainer I;Non-Conforming;10
Entrenamiento;Trainer II;Femenino;73
Entrenamiento;Trainer II;Masculino;82
Entrenamiento;Trainer II;Non-Conforming;1
Entrenamiento;Trainer III;Femenino;63
Entrenamiento;Trainer III;Masculino;82
Entrenamiento;Trainer III;Non-Conforming;1
Entrenamiento;Training Manager;Femenino;72
Entrenamiento;Training Manager;Masculino;79
Entrenamiento;Training Manager;Non-Conforming;3
Entrenamiento;VP of Training and Development;Masculino;1
Gestión de Productos;Assistant Manager;Femenino;11
Gestión de Productos;Assistant Manager;Masculino;13
Gestión de Productos;Business Analyst;Femenino;24
Gestión de Productos;Business Analyst;Masculino;24
Gestión de Productos;Chief Design Engineer;Femenino;7
Gestión de Productos;Chief Design Engineer;Masculino;9
Gestión de Productos;Design Engineer;Femenino;10
Gestión de Productos;Design Engineer;Masculino;10
Gestión de Productos;General Manager;Femenino;5
Gestión de Productos;General Manager;Masculino;9
Gestión de Productos;Product Engineer;Femenino;11
Gestión de Productos;Product Engineer;Masculino;11
Gestión de Productos;Project Manager;Femenino;112
Gestión de Productos;Project Manager;Masculino;154
Gestión de Productos;Project Manager;Non-Conforming;12
Gestión de Productos;Quality Control Specialist;Femenino;16
Gestión de Productos;Quality Control Specialist;Masculino;8
Gestión de Productos;Quality Engineer;Femenino;7
Gestión de Productos;Quality Engineer;Masculino;19
Gestión de Productos;Senior Quality Engineer;Femenino;14
Gestión de Productos;Senior Quality Engineer;Masculino;8
Gestión de Productos;VP Product Management;Femenino;16
Gestión de Productos;VP Product Management;Masculino;16
Gestión de Productos;VP Product Management;Non-Conforming;1
Ingenieria;Administrative Assistant I;Femenino;3
Ingenieria;Administrative Assistant I;Masculino;1
Ingenieria;Administrative Assistant II;Femenino;2
Ingenieria;Administrative Assistant II;Masculino;1
Ingenieria;Administrative Assistant II;Non-Conforming;1
Ingenieria;Administrative Assistant III;Femenino;3
Ingenieria;Administrative Assistant III;Masculino;3
Ingenieria;Administrative Assistant IV;Masculino;1
Ingenieria;Administrative Officer;Femenino;13
Ingenieria;Administrative Officer;Masculino;11
Ingenieria;Analog Circuit Design manager;Femenino;19
Ingenieria;Analog Circuit Design manager;Masculino;18
Ingenieria;Analog Circuit Design manager;Non-Conforming;1
Ingenieria;Analyst Programmer;Femenino;142
Ingenieria;Analyst Programmer;Masculino;158
Ingenieria;Analyst Programmer;Non-Conforming;9
Ingenieria;Assistant Manager;Femenino;7
Ingenieria;Assistant Manager;Masculino;8
Ingenieria;Associate Professor;Masculino;1
Ingenieria;Automation Specialist I;Femenino;5
Ingenieria;Automation Specialist I;Masculino;9
Ingenieria;Automation Specialist I;Non-Conforming;2
Ingenieria;Automation Specialist II;Femenino;7
Ingenieria;Automation Specialist II;Masculino;11
Ingenieria;Automation Specialist II;Non-Conforming;2
Ingenieria;Automation Specialist III;Femenino;3
Ingenieria;Automation Specialist III;Masculino;2
Ingenieria;Automation Specialist IV;Femenino;6
Ingenieria;Automation Specialist IV;Masculino;4
Ingenieria;Business Analyst;Femenino;23
Ingenieria;Business Analyst;Masculino;17
Ingenieria;Business Analyst;Non-Conforming;4
Ingenieria;Business Systems Development Analyst;Femenino;128
Ingenieria;Business Systems Development Analyst;Masculino;143
Ingenieria;Business Systems Development Analyst;Non-Conforming;13
Ingenieria;Chief Design Engineer;Femenino;26
Ingenieria;Chief Design Engineer;Masculino;29
Ingenieria;Chief Design Engineer;Non-Conforming;2
Ingenieria;Computer Systems Analyst I;Femenino;38
Ingenieria;Computer Systems Analyst I;Masculino;33
Ingenieria;Computer Systems Analyst I;Non-Conforming;2
Ingenieria;Computer Systems Analyst II;Femenino;32
Ingenieria;Computer Systems Analyst II;Masculino;43
Ingenieria;Computer Systems Analyst III;Femenino;27
Ingenieria;Computer Systems Analyst III;Masculino;32
Ingenieria;Computer Systems Analyst III;Non-Conforming;2
Ingenieria;Computer Systems Analyst IV;Femenino;24
Ingenieria;Computer Systems Analyst IV;Masculino;32
Ingenieria;Data Coordiator;Femenino;132
Ingenieria;Data Coordiator;Masculino;146
Ingenieria;Data Coordiator;Non-Conforming;12
Ingenieria;Data Visualization Specialist;Femenino;161
Ingenieria;Data Visualization Specialist;Masculino;193
Ingenieria;Data Visualization Specialist;Non-Conforming;12
Ingenieria;Database Administrator I;Femenino;30
Ingenieria;Database Administrator I;Masculino;33
Ingenieria;Database Administrator I;Non-Conforming;3
Ingenieria;Database Administrator II;Femenino;32
Ingenieria;Database Administrator II;Masculino;39
Ingenieria;Database Administrator II;Non-Conforming;1
Ingenieria;Database Administrator III;Femenino;38
Ingenieria;Database Administrator III;Masculino;29
Ingenieria;Database Administrator III;Non-Conforming;2
Ingenieria;Database Administrator IV;Femenino;35
Ingenieria;Database Administrator IV;Masculino;37
Ingenieria;Database Administrator IV;Non-Conforming;2
Ingenieria;Design Engineer;Femenino;13
Ingenieria;Design Engineer;Masculino;9
Ingenieria;Developer I;Femenino;42
Ingenieria;Developer I;Masculino;27
Ingenieria;Developer I;Non-Conforming;4
Ingenieria;Developer II;Femenino;26
Ingenieria;Developer II;Masculino;23
Ingenieria;Developer II;Non-Conforming;5
Ingenieria;Developer III;Femenino;27
Ingenieria;Developer III;Masculino;35
Ingenieria;Developer III;Non-Conforming;1
Ingenieria;Developer IV;Femenino;31
Ingenieria;Developer IV;Masculino;31
Ingenieria;Electrical Engineer;Femenino;13
Ingenieria;Electrical Engineer;Masculino;10
Ingenieria;Electrical Engineer;Non-Conforming;1
Ingenieria;Engineer I;Femenino;4
Ingenieria;Engineer I;Masculino;3
Ingenieria;Engineer II;Femenino;1
Ingenieria;Engineer II;Masculino;3
Ingenieria;Engineer III;Femenino;1
Ingenieria;Engineer III;Masculino;3
Ingenieria;Engineer IV;Femenino;1
Ingenieria;Engineer IV;Masculino;2
Ingenieria;Information Systems Manager;Femenino;15
Ingenieria;Information Systems Manager;Masculino;13
Ingenieria;Information Systems Manager;Non-Conforming;1
Ingenieria;Mechanical Systems Engineer;Femenino;13
Ingenieria;Mechanical Systems Engineer;Masculino;7
Ingenieria;Mechanical Systems Engineer;Non-Conforming;1
Ingenieria;Product Engineer;Femenino;12
Ingenieria;Product Engineer;Masculino;12
Ingenieria;Programmer Analyst I;Femenino;40
Ingenieria;Programmer Analyst I;Masculino;38
Ingenieria;Programmer Analyst I;Non-Conforming;4
Ingenieria;Programmer Analyst II;Femenino;37
Ingenieria;Programmer Analyst II;Masculino;42
Ingenieria;Programmer Analyst II;Non-Conforming;1
Ingenieria;Programmer Analyst III;Femenino;27
Ingenieria;Programmer Analyst III;Masculino;41
Ingenieria;Programmer Analyst IV;Femenino;30
Ingenieria;Programmer Analyst IV;Masculino;35
Ingenieria;Programmer Analyst IV;Non-Conforming;3
Ingenieria;Programmer I;Femenino;35
Ingenieria;Programmer I;Masculino;31
Ingenieria;Programmer I;Non-Conforming;6
Ingenieria;Programmer II;Femenino;33
Ingenieria;Programmer II;Masculino;36
Ingenieria;Programmer II;Non-Conforming;1
Ingenieria;Programmer III;Femenino;35
Ingenieria;Programmer III;Masculino;33
Ingenieria;Programmer IV;Femenino;20
Ingenieria;Programmer IV;Masculino;31
Ingenieria;Quality Control Specialist;Femenino;13
Ingenieria;Quality Control Specialist;Masculino;10
Ingenieria;Quality Control Specialist;Non-Conforming;1
Ingenieria;Quality Engineer;Femenino;12
Ingenieria;Quality Engineer;Masculino;13
Ingenieria;Recruiting Manager;Femenino;9
Ingenieria;Recruiting Manager;Masculino;8
Ingenieria;Recruiting Manager;Non-Conforming;2
Ingenieria;Research Assistant I;Femenino;14
Ingenieria;Research Assistant I;Masculino;10
Ingenieria;Research Assistant I;Non-Conforming;1
Ingenieria;Research Assistant II;Femenino;7
Ingenieria;Research Assistant II;Masculino;3
Ingenieria;Research Assistant III;Femenino;3
Ingenieria;Research Assistant III;Masculino;2
Ingenieria;Research Assistant IV;Femenino;3
Ingenieria;Research Assistant IV;Masculino;3
Ingenieria;Research Assistant IV;Non-Conforming;1
Ingenieria;Research Associate;Femenino;8
Ingenieria;Research Associate;Masculino;8
Ingenieria;Senior Developer;Femenino;147
Ingenieria;Senior Developer;Masculino;138
Ingenieria;Senior Developer;Non-Conforming;5
Ingenieria;Senior Financial Analyst;Femenino;14
Ingenieria;Senior Financial Analyst;Masculino;10
Ingenieria;Senior Quality Engineer;Femenino;13
Ingenieria;Senior Quality Engineer;Masculino;14
Ingenieria;Senior Quality Engineer;Non-Conforming;1
Ingenieria;Software Consultant;Femenino;120
Ingenieria;Software Consultant;Masculino;143
Ingenieria;Software Consultant;Non-Conforming;8
Ingenieria;Software Engineer I;Femenino;155
Ingenieria;Software Engineer I;Masculino;160
Ingenieria;Software Engineer I;Non-Conforming;8
Ingenieria;Software Engineer II;Femenino;31
Ingenieria;Software Engineer II;Masculino;41
Ingenieria;Software Engineer II;Non-Conforming;2
Ingenieria;Software Engineer III;Femenino;39
Ingenieria;Software Engineer III;Masculino;43
Ingenieria;Software Engineer III;Non-Conforming;1
Ingenieria;Software Engineer IV;Femenino;36
Ingenieria;Software Engineer IV;Masculino;39
Ingenieria;Software Engineer IV;Non-Conforming;1
Ingenieria;Software Test Engineer I;Femenino;33
Ingenieria;Software Test Engineer I;Masculino;36
Ingenieria;Software Test Engineer I;Non-Conforming;2
Ingenieria;Software Test Engineer II;Femenino;28
Ingenieria;Software Test Engineer II;Masculino;27
Ingenieria;Software Test Engineer II;Non-Conforming;3
Ingenieria;Software Test Engineer III;Femenino;37
Ingenieria;Software Test Engineer III;Masculino;30
Ingenieria;Software Test Engineer III;Non-Conforming;1
Ingenieria;Software Test Engineer IV;Femenino;33
Ingenieria;Software Test Engineer IV;Masculino;44
Ingenieria;Staff Scientist;Femenino;13
Ingenieria;Staff Scientist;Masculino;13
Ingenieria;Staff Scientist;Non-Conforming;2
Ingenieria;Statistician I;Femenino;4
Ingenieria;Statistician I;Masculino;5
Ingenieria;Statistician II;Femenino;7
Ingenieria;Statistician II;Masculino;2
Ingenieria;Statistician III;Femenino;2
Ingenieria;Structural Analysis Engineer;Femenino;13
Ingenieria;Structural Analysis Engineer;Masculino;11
Ingenieria;Structural Engineer;Femenino;11
Ingenieria;Structural Engineer;Masculino;14
Ingenieria;Systems Administrator I;Femenino;133
Ingenieria;Systems Administrator I;Masculino;175
Ingenieria;Systems Administrator I;Non-Conforming;8
Ingenieria;Systems Administrator II;Femenino;29
Ingenieria;Systems Administrator II;Masculino;31
Ingenieria;Systems Administrator II;Non-Conforming;2
Ingenieria;Systems Administrator III;Femenino;30
Ingenieria;Systems Administrator III;Masculino;43
Ingenieria;Systems Administrator III;Non-Conforming;1
Ingenieria;Systems Administrator IV;Femenino;17
Ingenieria;Systems Administrator IV;Masculino;45
Ingenieria;Systems Administrator IV;Non-Conforming;4
Ingenieria;VP Quality Control;Femenino;11
Ingenieria;VP Quality Control;Masculino;8
Ingenieria;Web Designer I;Femenino;8
Ingenieria;Web Designer I;Masculino;15
Ingenieria;Web Designer II;Masculino;2
Ingenieria;Web Designer II;Non-Conforming;1
Ingenieria;Web Designer III;Femenino;4
Ingenieria;Web Designer III;Masculino;4
Ingenieria;Web Designer IV;Femenino;4
Ingenieria;Web Designer IV;Masculino;3
Ingenieria;Web Developer I;Femenino;38
Ingenieria;Web Developer I;Masculino;42
Ingenieria;Web Developer I;Non-Conforming;2
Ingenieria;Web Developer II;Femenino;32
Ingenieria;Web Developer II;Masculino;33
Ingenieria;Web Developer II;Non-Conforming;3
Ingenieria;Web Developer III;Femenino;23
Ingenieria;Web Developer III;Masculino;32
Ingenieria;Web Developer IV;Femenino;27
Ingenieria;Web Developer IV;Masculino;31
Investigación y desarrollo;Administrative Assistant II;Masculino;1
Investigación y desarrollo;Assistant Manager;Non-Conforming;1
Investigación y desarrollo;Assistant Professor;Masculino;1
Investigación y desarrollo;Business Analyst;Femenino;3
Investigación y desarrollo;Chief Design Engineer;Femenino;2
Investigación y desarrollo;Chief Design Engineer;Masculino;1
Investigación y desarrollo;Design Engineer;Femenino;1
Investigación y desarrollo;Design Engineer;Masculino;1
Investigación y desarrollo;Engineer III;Femenino;1
Investigación y desarrollo;General Manager;Non-Conforming;1
Investigación y desarrollo;Information Systems Manager;Femenino;1
Investigación y desarrollo;Information Systems Manager;Masculino;2
Investigación y desarrollo;Office Assistant I;Masculino;2
Investigación y desarrollo;Office Assistant IV;Masculino;1
Investigación y desarrollo;Operator;Femenino;89
Investigación y desarrollo;Operator;Masculino;77
Investigación y desarrollo;Operator;Non-Conforming;9
Investigación y desarrollo;Product Engineer;Masculino;1
Investigación y desarrollo;Quality Control Specialist;Femenino;32
Investigación y desarrollo;Quality Control Specialist;Masculino;27
Investigación y desarrollo;Quality Control Specialist;Non-Conforming;2
Investigación y desarrollo;Quality Engineer;Femenino;1
Investigación y desarrollo;Quality Engineer;Masculino;1
Investigación y desarrollo;Research Assistant I;Femenino;82
Investigación y desarrollo;Research Assistant I;Masculino;78
Investigación y desarrollo;Research Assistant I;Non-Conforming;2
Investigación y desarrollo;Research Associate;Femenino;71
Investigación y desarrollo;Research Associate;Masculino;68
Investigación y desarrollo;Research Associate;Non-Conforming;3
Investigación y desarrollo;Senior Quality Engineer;Femenino;33
Investigación y desarrollo;Senior Quality Engineer;Masculino;34
Investigación y desarrollo;Senior Quality Engineer;Non-Conforming;1
Investigación y desarrollo;Statistician I;Femenino;1
Investigación y desarrollo;Statistician II;Masculino;1
Investigación y desarrollo;Structural Analysis Engineer;Femenino;4
Investigación y desarrollo;Structural Analysis Engineer;Masculino;10
Investigación y desarrollo;Structural Engineer;Femenino;94
Investigación y desarrollo;Structural Engineer;Masculino;108
Investigación y desarrollo;Structural Engineer;Non-Conforming;9
Investigación y desarrollo;VP Quality Control;Femenino;7
Investigación y desarrollo;VP Quality Control;Masculino;8
Legal;Administrative Assistant;Femenino;15
Legal;Administrative Assistant;Masculino;13
Legal;Administrative Assistant;Non-Conforming;1
Legal;Attorney;Femenino;12
Legal;Attorney;Masculino;20
Legal;Attorney;Non-Conforming;3
Legal;Executive Assistant;Femenino;14
Legal;Executive Assistant;Masculino;17
Legal;Executive Assistant;Non-Conforming;1
Legal;Legal Assistant;Femenino;11
Legal;Legal Assistant;Masculino;6
Legal;Librarian;Femenino;7
Legal;Librarian;Masculino;13
Legal;Paralegal;Femenino;28
Legal;Paralegal;Masculino;20
Legal;Paralegal;Non-Conforming;1
Legal;Research Assistant;Femenino;11
Legal;Research Assistant;Masculino;20
Legal;Senior Attorney;Femenino;15
Legal;Senior Attorney;Masculino;19
Legal;Senior Attorney;Non-Conforming;1
Marketing;Administrative Assistant II;Femenino;2
Marketing;Administrative Assistant II;Masculino;1
Marketing;Editor;Femenino;38
Marketing;Editor;Masculino;35
Marketing;Graphic Designer;Femenino;7
Marketing;Graphic Designer;Masculino;2
Marketing;Marketing Assistant;Femenino;4
Marketing;Marketing Assistant;Masculino;4
Marketing;Marketing Manager;Femenino;1
Marketing;Media Manager I;Femenino;52
Marketing;Media Manager I;Masculino;57
Marketing;Media Manager I;Non-Conforming;2
Marketing;Media Manager II;Femenino;20
Marketing;Media Manager II;Masculino;21
Marketing;Media Manager II;Non-Conforming;2
Marketing;Office Assistant I;Femenino;4
Marketing;Research Associate;Femenino;3
Marketing;Senior Editor;Femenino;61
Marketing;Senior Editor;Masculino;61
Marketing;Senior Editor;Non-Conforming;1
Marketing;VP Marketing;Femenino;14
Marketing;VP Marketing;Masculino;24
Marketing;Web Designer I;Femenino;1
Marketing;Web Designer I;Masculino;3
Marketing;Web Designer III;Femenino;1
Marketing;Web Designer III;Masculino;1
Recursos Humanos;Compensation Analyst;Femenino;13
Recursos Humanos;Compensation Analyst;Masculino;12
Recursos Humanos;Compensation Analyst;Non-Conforming;1
Recursos Humanos;HR Manager;Femenino;75
Recursos Humanos;HR Manager;Masculino;92
Recursos Humanos;HR Manager;Non-Conforming;2
Recursos Humanos;Human Resources Analyst;Femenino;145
Recursos Humanos;Human Resources Analyst;Masculino;184
Recursos Humanos;Human Resources Analyst;Non-Conforming;9
Recursos Humanos;Human Resources Analyst II;Femenino;249
Recursos Humanos;Human Resources Analyst II;Masculino;233
Recursos Humanos;Human Resources Analyst II;Non-Conforming;11
Recursos Humanos;Human Resources Assistant I;Femenino;3
Recursos Humanos;Human Resources Assistant I;Masculino;7
Recursos Humanos;Human Resources Assistant II;Femenino;5
Recursos Humanos;Human Resources Assistant II;Masculino;5
Recursos Humanos;Human Resources Assistant III;Femenino;8
Recursos Humanos;Human Resources Assistant III;Masculino;5
Recursos Humanos;Human Resources Assistant III;Non-Conforming;1
Recursos Humanos;Human Resources Assistant IV;Femenino;4
Recursos Humanos;Human Resources Assistant IV;Masculino;5
Recursos Humanos;Human Resources Assistant IV;Non-Conforming;1
Recursos Humanos;Human Resources Manager;Femenino;31
Recursos Humanos;Human Resources Manager;Masculino;26
Recursos Humanos;Human Resources Manager;Non-Conforming;1
Recursos Humanos;Recruiter;Femenino;92
Recursos Humanos;Recruiter;Masculino;98
Recursos Humanos;Recruiter;Non-Conforming;5
Recursos Humanos;Senior Recruiter;Femenino;82
Recursos Humanos;Senior Recruiter;Masculino;86
Recursos Humanos;Senior Recruiter;Non-Conforming;7
Revisión de cuentas;Internal Auditor;Femenino;20
Revisión de cuentas;Internal Auditor;Masculino;20
Servicios;General Manager;Femenino;6
Servicios;Operator;Femenino;5
Servicios;Operator;Masculino;5
Servicios;Research Associate;Femenino;4
Servicios;Research Associate;Masculino;6
Servicios;Service Coordinator;Femenino;139
Servicios;Service Coordinator;Masculino;131
Servicios;Service Coordinator;Non-Conforming;1
Servicios;Service Manager;Femenino;133
Servicios;Service Manager;Masculino;134
Servicios;Service Manager;Non-Conforming;6
Servicios;Service Tech;Femenino;124
Servicios;Service Tech;Masculino;130
Servicios;Service Tech;Non-Conforming;10
Servicios;Service Tech II;Femenino;127
Servicios;Service Tech II;Masculino;142
Servicios;Service Tech II;Non-Conforming;7
Servicios;Service Tech III;Femenino;131
Servicios;Service Tech III;Masculino;147
Servicios;Service Tech III;Non-Conforming;5
Soporte;Assistant Manager;Femenino;1
Soporte;Automation Specialist I;Femenino;3
Soporte;Automation Specialist I;Masculino;3
Soporte;Automation Specialist I;Non-Conforming;1
Soporte;Automation Specialist II;Femenino;5
Soporte;Automation Specialist II;Masculino;3
Soporte;Automation Specialist III;Femenino;2
Soporte;Automation Specialist III;Masculino;3
Soporte;Automation Specialist III;Non-Conforming;1
Soporte;Automation Specialist IV;Femenino;6
Soporte;Automation Specialist IV;Masculino;1
Soporte;Community Outreach Specialist;Femenino;14
Soporte;Community Outreach Specialist;Masculino;9
Soporte;Desktop Support Technician;Femenino;106
Soporte;Desktop Support Technician;Masculino;137
Soporte;Desktop Support Technician;Non-Conforming;14
Soporte;Help Desk Operator;Femenino;37
Soporte;Help Desk Operator;Masculino;34
Soporte;Help Desk Operator;Non-Conforming;2
Soporte;Help Desk Technician;Femenino;136
Soporte;Help Desk Technician;Masculino;134
Soporte;Help Desk Technician;Non-Conforming;6
Soporte;Support Staff;Femenino;17
Soporte;Support Staff;Masculino;31
Soporte;Support Staff;Non-Conforming;3
Soporte;Support Staff II;Femenino;18
Soporte;Support Staff II;Masculino;27
Soporte;Support Staff II;Non-Conforming;1
Soporte;Support Staff III;Femenino;6
Soporte;Support Staff III;Masculino;11
Ventas;Account Coordinator;Masculino;2
Ventas;Account Executive;Femenino;205
Ventas;Account Executive;Masculino;196
Ventas;Account Executive;Non-Conforming;8
Ventas;Account Manager;Femenino;93
Ventas;Account Manager;Masculino;96
Ventas;Account Manager;Non-Conforming;4
Ventas;Customer Success Manager;Femenino;63
Ventas;Customer Success Manager;Masculino;93
Ventas;Customer Success Manager;Non-Conforming;5
Ventas;Director of Sales;Femenino;4
Ventas;Director of Sales;Masculino;3
Ventas;Director of Sales;Non-Conforming;1
Ventas;Pre-Sales Consultant;Femenino;75
Ventas;Pre-Sales Consultant;Masculino;93
Ventas;Pre-Sales Consultant;Non-Conforming;5
Ventas;Relationshiop Manager;Femenino;77
Ventas;Relationshiop Manager;Masculino;91
Ventas;Relationshiop Manager;Non-Conforming;6
Ventas;Sales Associate;Femenino;3
Ventas;Sales Associate;Masculino;2
Ventas;Sales Representative;Femenino;1
Ventas;Sales Representative;Masculino;2
Ventas;Senior Sales Associate;Femenino;5
Ventas;Senior Sales Associate;Masculino;7
Ventas;Solutions Engineer;Femenino;76
Ventas;Solutions Engineer;Masculino;96
Ventas;Solutions Engineer;Non-Conforming;7
Ventas;Solutions Engineer Manager;Femenino;77
Ventas;Solutions Engineer Manager;Masculino;92
Ventas;Solutions Engineer Manager;Non-Conforming;3
Ventas;VP Sales;Femenino;5
Ventas;VP Sales;Non-Conforming;1
